,cpi,inflation,fed_funds,yield_spread,unemployment,pce_growth,hamilton,gdp_growth,recession
1990-01-31,127.5,5.198019801980203,8.23,0.12142857142857141,5.4,2.7375894822987634,0.13,4.371528178495421,0
1990-02-28,128.0,5.263157894736836,8.24,0.10263157894736842,5.3,2.7375894822987634,0.13,3.4529872165424718,0
1990-03-31,128.6,5.237315875613735,8.28,-0.038181818181818185,5.2,2.7375894822987634,0.1,2.436031151523135,0
1990-04-30,128.9,4.711616571892785,8.26,0.0615,5.4,2.571848868249127,0.13,1.4518801208592613,0
1990-05-31,129.1,4.365400161681476,8.18,0.11590909090909092,5.4,2.571848868249127,0.13,1.0524001696639937,0
1990-06-30,129.9,4.673650282030639,8.29,0.12904761904761905,5.2,2.571848868249127,0.03,0.6658066685072831,0
1990-07-31,130.5,4.819277108433728,8.15,0.3142857142857143,5.5,1.9908626535138474,0.07,0.2663267173120154,0
1990-08-31,131.6,5.702811244979911,8.13,0.691304347826087,5.7,1.9908626535138474,0.17,-1.0504808185651962,1
1990-09-30,132.5,6.169871794871806,8.2,0.8136842105263158,5.9,1.9908626535138474,0.33,-2.324810691994756,1
1990-10-31,133.4,6.379585326953752,8.11,0.8418181818181818,5.9,0.7769793804310421,0.4,-3.6416182278719678,1
1990-11-30,133.7,6.195393169181873,7.81,0.7935,6.2,0.7769793804310421,0.5,-3.06449138631495,1
1990-12-31,134.2,6.254948535233562,7.31,0.761,6.3,0.7769793804310421,0.6,-2.4681269833726986,1
1991-01-31,134.7,5.647058823529405,6.91,0.9676190476190476,6.4,-0.4398782925788436,0.77,-1.8717625804304472,1
1991-02-28,134.8,5.312500000000009,6.25,0.9878947368421053,6.6,-0.4398782925788436,0.97,-0.30171171952611364,1
1991-03-31,134.8,4.821150855365497,6.12,1.0070000000000001,6.8,-0.4398782925788436,1.2,1.4365588764751127,1
1991-04-30,135.1,4.809930178432875,5.91,1.0909090909090908,6.7,0.08035656736944397,1.3,3.1187562274440417,0
1991-05-31,135.6,5.034856700232382,5.78,1.2840909090909092,6.9,0.08035656736944397,1.43,2.7490065978487124,0
1991-06-30,136.0,4.695919938414161,5.9,1.328,6.9,0.08035656736944397,1.5,2.391184375659684,0
1991-07-31,136.2,4.367816091954024,5.82,1.355,6.8,0.18244751783118573,1.53,2.0214347460643545,0
1991-08-31,136.6,3.7993920972644313,5.66,1.466818181818182,6.9,0.18244751783118573,1.4,1.8100769591590335,0
1991-09-30,137.0,3.396226415094339,5.45,1.4685000000000001,6.9,0.18244751783118573,1.17,1.6055371653796904,0
1991-10-31,137.2,2.8485757121439192,5.21,1.615,7.0,0.899917347944057,1.1,1.3941793784743695,0
1991-11-30,137.8,3.0665669409125185,4.81,1.858421052631579,7.0,0.899917347944057,1.0,2.501188985477203,0
1991-12-31,138.2,2.980625931445613,4.43,2.0628571428571427,7.3,0.899917347944057,1.0,3.6450989127134648,0
1992-01-31,138.3,2.672605790645899,4.03,2.0742857142857143,7.3,3.17709099452399,0.93,4.789008839949727,0
1992-02-29,138.6,2.8189910979228294,4.06,2.1257894736842107,7.4,3.17709099452399,0.9,4.643430213284247,0
1992-03-31,139.1,3.189910979228472,3.98,1.8572727272727272,7.4,3.17709099452399,0.77,4.487811681331492,0
1992-04-30,139.4,3.1828275351591495,3.73,2.136190476190476,7.4,3.023675655228697,0.67,4.337213102022375,0
1992-05-31,139.7,3.0235988200590036,3.82,2.1665,7.6,3.023675655228697,0.63,4.2075615474078685,0
1992-06-30,140.1,3.0147058823529305,3.76,2.213636363636364,7.8,3.023675655228697,0.73,4.082092301006734,0
1992-07-31,140.5,3.1571218795888534,3.25,2.489090909090909,7.7,3.611417191898192,0.87,3.9524407463922273,0
1992-08-31,140.8,3.0746705710102518,3.3,2.392857142857143,7.6,3.611417191898192,0.9,4.026228041914451,0
1992-09-30,141.1,2.9927007299270114,3.22,2.520952380952381,7.6,3.611417191898192,0.8,4.097635102097249,0
1992-10-31,141.7,3.279883381924198,3.1,2.5061904761904765,7.3,4.898825517385119,0.67,4.171422397619473,0
1992-11-30,142.1,3.1204644412191396,3.09,2.2936842105263158,7.4,4.898825517385119,0.5,3.0289286449264368,0
1992-12-31,142.3,2.966714905933454,2.92,2.096363636363636,7.4,4.898825517385119,0.37,1.8483517671436323,0
1993-01-31,142.8,3.2537960954446943,3.02,2.21,7.3,3.3656466322171674,0.2,0.6677748893608282,0
1993-02-28,143.1,3.2467532467532534,3.03,2.1605263157894736,7.1,3.3656466322171674,-0.03,1.1903080221463966,0
1993-03-31,143.3,3.0194104960460155,3.07,2.0256521739130435,7.0,3.3656466322171674,-0.1,1.7688268477304192,0
1993-04-30,143.8,3.1563845050215145,2.96,2.131904761904762,7.1,3.6025713857664288,-0.03,2.328683775714957,0
1993-05-31,144.2,3.2211882605583497,3.0,2.0585,7.1,3.6025713857664288,-0.03,2.1871403080739107,0
1993-06-30,144.3,2.9978586723768963,3.04,1.799090909090909,7.0,3.6025713857664288,0.0,2.050162758743866,0
1993-07-31,144.5,2.8469750889679624,3.06,1.7333333333333332,6.9,3.64460342445756,-0.07,1.90861929110282,0
1993-08-31,144.8,2.840909090909083,3.03,1.6763636363636365,6.8,3.64460342445756,-0.07,3.098742286069004,0
1993-09-30,145.0,2.7639971651311157,3.09,1.512857142857143,6.7,3.64460342445756,-0.1,4.25047421668144,0
1993-10-31,145.6,2.752293577981657,2.99,1.4594999999999998,6.8,3.322942229886583,0.0,5.440597211647624,0
1993-11-30,146.0,2.7445460942997935,3.02,1.5685,6.6,3.322942229886583,-0.1,4.932180279482145,0
1993-12-31,146.3,2.8109627547435068,2.96,1.5618181818181818,6.5,3.322942229886583,-0.1,4.4068161162444826,0
1994-01-31,146.3,2.450980392156854,3.05,1.6105,6.6,4.105584446387134,0.0,3.8814519530068203,0
1994-02-28,146.7,2.515723270440251,3.25,1.4989473684210526,6.6,4.105584446387134,0.0,4.365719368405289,0
1994-03-31,147.1,2.6517794836008246,3.34,1.4873913043478262,6.5,4.105584446387134,0.03,4.901872578310736,0
1994-04-30,147.2,2.364394993045882,3.56,1.4226315789473685,6.4,3.9698763360083156,-0.07,5.420730523380524,0
1994-05-31,147.5,2.288488210818307,4.01,1.2152380952380952,6.1,3.9698763360083156,-0.17,4.382098334646589,0
1994-06-30,147.9,2.494802494802495,4.25,1.17,6.1,3.9698763360083156,-0.17,3.3769704100653612,0
1994-07-31,148.4,2.69896193771626,4.26,1.168,6.1,3.60954152182944,-0.1,2.3383382213314263,0
1994-08-31,149.0,2.900552486187835,4.47,1.058695652173913,6.0,3.60954152182944,0.03,3.094449248310405,0
1994-09-30,149.3,2.965517241379323,4.73,1.0647619047619048,5.9,3.60954152182944,0.0,3.8261695969997396,0
1994-10-31,149.4,2.609890109890123,4.76,1.0154999999999998,5.8,3.8183519704400926,-0.1,4.582280623978718,0
1994-11-30,149.8,2.602739726027403,5.29,0.8065,5.6,3.8183519704400926,-0.17,3.550815865127465,0
1994-12-31,150.1,2.597402597402576,5.45,0.22428571428571428,5.5,3.8183519704400926,-0.13,2.484968947647836,0
1995-01-31,150.5,2.8708133971291794,5.53,0.2725,5.6,2.8998093850301387,0.0,1.4191220301682073,0
1995-02-28,150.9,2.862985685071595,5.92,0.35789473684210527,5.4,2.8998093850301387,-0.07,1.3480741865521146,0
1995-03-31,151.2,2.7872195785180187,5.98,0.42913043478260865,5.4,2.8998093850301387,0.03,1.2694140739771549,0
1995-04-30,151.8,3.125000000000022,6.05,0.4947368421052632,5.8,3.000495203921094,0.07,1.193291384388484,0
1995-05-31,152.1,3.1186440677966054,6.01,0.46181818181818185,5.6,3.000495203921094,0.17,1.9378340948398223,0
1995-06-30,152.4,3.0425963488843744,6.0,0.4522727272727272,5.6,3.000495203921094,0.2,2.6583592985024076,0
1995-07-31,152.6,2.8301886792452713,5.85,0.49799999999999994,5.7,3.1474383857464927,0.17,3.4029020089537454,0
1995-08-31,152.9,2.6174496644295386,5.74,0.5073913043478261,5.7,3.1474383857464927,0.13,3.171556487791609,0
1995-09-30,153.1,2.54521098459477,5.8,0.3915,5.6,3.1474383857464927,0.13,2.9476737253766383,0
1995-10-31,153.5,2.7443105756358666,5.76,0.3476190476190476,5.5,2.756021388369656,0.07,2.716328204214502,0
1995-11-30,153.7,2.603471295060067,5.8,0.45142857142857146,5.6,2.756021388369656,0.07,2.8075909062664746,0
1995-12-31,153.9,2.5316455696202667,5.6,0.387,5.6,2.756021388369656,0.07,2.901895698386846,0
1996-01-31,154.7,2.7906976744185963,5.56,0.54,5.6,3.4462439109659515,0.17,2.996200490507217,0
1996-02-29,155.0,2.717031146454607,5.22,0.78,5.5,3.4462439109659515,0.13,4.180552730448101,0
1996-03-31,155.5,2.8439153439153486,5.31,0.6076190476190476,5.5,3.4462439109659515,0.1,5.446584435212494,0
1996-04-30,156.1,2.832674571805005,5.22,0.5540909090909091,5.6,3.650432165720008,-0.03,6.671776407565133,0
1996-05-31,156.4,2.827087442472065,5.24,0.6418181818181817,5.6,3.650432165720008,0.03,5.63272331262753,0
1996-06-30,156.7,2.8215223097112663,5.27,0.615,5.3,3.650432165720008,-0.07,4.627188059462107,0
1996-07-31,157.0,2.8833551769331667,5.4,0.5954545454545455,5.5,3.341417444316841,0.0,3.588134964524503,0
1996-08-31,157.2,2.8122956180510084,5.22,0.6063636363636363,5.1,3.341417444316841,-0.17,3.77863102804269,0
1996-09-30,157.7,3.0045721750489918,5.3,0.598,5.2,3.341417444316841,-0.03,3.9629820572538383,0
1996-10-31,158.2,3.0618892508143203,5.24,0.620909090909091,5.2,3.4429758847729808,-0.07,4.153478120772025,0
1996-11-30,158.7,3.2530904359141077,5.31,0.5021052631578947,5.4,3.4429758847729808,0.1,3.640965514343416,0
1996-12-31,159.1,3.378817413905133,5.29,0.5204761904761904,5.4,3.4429758847729808,0.07,3.1113691543671864,0
1997-01-31,159.4,3.0381383322559907,5.25,0.570952380952381,5.3,3.5780846874916117,0.13,2.5817727943909574,0
1997-02-28,159.7,3.0322580645161246,5.19,0.5210526315789474,5.2,3.5780846874916117,0.13,3.865084690787672,0
1997-03-31,159.8,2.7652733118971096,5.39,0.4725,5.2,3.5780846874916117,0.1,5.285894290369749,0
1997-04-30,159.9,2.434336963484962,5.51,0.43727272727272726,5.1,2.9370024106227133,-0.07,6.660871322223372,0
1997-05-31,159.9,2.237851662404089,5.5,0.4342857142857143,4.9,2.9370024106227133,-0.17,6.099301125733926,0
1997-06-30,160.2,2.233567326100827,5.56,0.3990476190476191,5.0,2.9370024106227133,-0.07,5.555846096873172,0
1997-07-31,160.4,2.165605095541401,5.52,0.32954545454545453,4.9,4.060803460209894,-0.03,4.994275900383727,0
1997-08-31,160.8,2.2900763358778775,5.54,0.3595238095238095,4.8,4.060803460209894,0.03,4.46227721460577,0
1997-09-30,161.2,2.21940393151554,5.54,0.32666666666666666,4.9,4.060803460209894,0.0,3.9474397767561342,0
1997-10-31,161.5,2.0859671302149163,5.5,0.25772727272727275,4.7,4.472404162115806,-0.03,3.4154410909781774,0
1997-11-30,161.7,1.8903591682419618,5.52,0.1622222222222222,4.6,4.472404162115806,-0.1,3.610953516201391,0
1997-12-31,161.8,1.6970458830924073,5.5,0.09363636363636364,4.7,4.472404162115806,-0.07,3.8129830222653776,0
1998-01-31,162.0,1.6311166875784044,5.56,0.1875,4.6,4.428398478035289,-0.03,4.015012528329365,0
1998-02-28,162.0,1.440200375704448,5.51,0.1568421052631579,4.6,4.428398478035289,0.0,3.9167731099738914,0
1998-03-31,162.0,1.3767209011263937,5.49,0.08590909090909092,4.7,4.428398478035289,0.0,3.80800803965176,0
1998-04-30,162.2,1.4383989993745905,5.45,0.07333333333333333,4.3,5.791043280275887,-0.13,3.7027515199851813,0
1998-05-31,162.6,1.6885553470919357,5.49,0.059,4.4,5.791043280275887,-0.1,4.151917786620698,0
1998-06-30,162.8,1.6229712858926382,5.56,-0.023636363636363636,4.5,5.791043280275887,-0.07,4.586594818848619,0
1998-07-31,163.2,1.74563591022443,5.54,0.0031818181818181815,4.5,5.375271039506857,0.07,5.035761085484136,0
1998-08-31,163.4,1.6169154228855787,5.55,0.07333333333333333,4.5,5.375271039506857,0.13,5.507845663188508,0
1998-09-30,163.5,1.4267990074441794,5.51,0.14047619047619048,4.6,5.375271039506857,0.17,5.964701706128224,0
1998-10-31,163.9,1.4860681114551078,5.07,0.43809523809523804,4.5,5.635056537083072,0.2,6.436786283832596,0
1998-11-30,164.1,1.4842300556586308,4.83,0.28736842105263155,4.4,5.635056537083072,0.17,5.563182602654644,0
1998-12-31,164.4,1.606922126081578,4.68,0.13863636363636364,4.4,5.635056537083072,0.0,4.660458798770759,0
1999-01-31,164.7,1.6666666666666607,4.63,0.1068421052631579,4.3,5.651325357462578,-0.07,3.7577349948868743,0
1999-02-28,164.7,1.6666666666666607,4.76,0.12263157894736842,4.4,5.651325357462578,0.0,3.625989202532445,0
1999-03-31,164.8,1.7283950617283939,4.81,0.17956521739130435,4.2,5.651325357462578,-0.03,3.4801277895686127,0
1999-04-30,165.9,2.281134401972884,4.74,0.20772727272727273,4.3,5.413032159129161,0.0,3.3389715834745815,0
1999-05-31,166.0,2.091020910209096,4.74,0.28500000000000003,4.2,5.413032159129161,-0.07,4.000943337507235,0
1999-06-30,166.0,1.9656019656019597,4.76,0.2809090909090909,4.3,5.413032159129161,0.03,4.641561163990448,0
1999-07-31,166.7,2.1446078431372584,4.99,0.23714285714285716,4.3,5.225906147720782,0.03,5.303532918023102,0
1999-08-31,167.1,2.2643818849449104,5.07,0.2609090909090909,4.2,5.225906147720782,0.03,5.727806812324875,0
1999-09-30,167.8,2.629969418960254,5.22,0.25333333333333335,4.2,5.225906147720782,0.0,6.138394451971752,0
1999-10-31,168.1,2.56253813300793,5.2,0.2495,4.1,5.244601026079843,-0.07,6.562668346273526,0
1999-11-30,168.4,2.6203534430225606,5.42,0.172,4.1,5.244601026079843,-0.03,4.895876592566568,0
1999-12-31,168.8,2.676399026763998,5.3,0.1709090909090909,4.0,5.244601026079843,-0.03,3.173525113736045,0
2000-01-31,169.3,2.792956891317555,5.45,0.221,4.0,5.749818529790063,-0.03,1.4511736349055226,0
2000-02-29,170.0,3.2179720704310855,5.73,-0.091,4.1,5.749818529790063,0.0,3.33101086725475,0
2000-03-31,171.0,3.762135922330101,5.85,-0.2717391304347826,4.0,5.749818529790063,0.0,5.340492046662545,0
2000-04-30,170.9,3.013863773357439,6.02,-0.4131578947368421,3.8,5.127338033259732,-0.03,7.2851512525410556,0
2000-05-31,171.2,3.1325301204819134,6.27,-0.3690909090909091,4.0,5.127338033259732,0.0,4.967759425143039,0
2000-06-30,172.2,3.7349397590361377,6.53,-0.3845454545454546,4.0,5.127338033259732,-0.03,2.7251221728223785,0
2000-07-31,172.7,3.5992801439711952,6.54,-0.28500000000000003,4.0,4.954632798262204,0.03,0.40773034542436193,0
2000-08-31,172.7,3.3512866546977715,6.5,-0.4026086956521739,4.1,4.954632798262204,0.03,1.075047406258821,0
2000-09-30,173.6,3.45649582836709,6.52,-0.28250000000000003,3.9,4.954632798262204,0.0,1.7208381102921682,0
2000-10-31,173.9,3.4503271861986873,6.51,-0.1738095238095238,3.9,4.345344849290167,-0.03,2.388155171126627,0
2000-11-30,174.2,3.444180522565321,6.51,-0.15809523809523812,3.9,4.345344849290167,-0.03,1.1818452575329434,0
2000-12-31,174.6,3.4360189573459543,6.4,-0.1115,3.9,4.345344849290167,0.03,-0.06467498651386272,0
2001-01-31,175.6,3.7212049616065945,5.98,0.40095238095238095,4.2,3.1638952567567546,0.13,-1.311195230560669,0
2001-02-28,176.0,3.529411764705892,5.49,0.4421052631578948,4.2,3.1638952567567546,0.2,-0.11279304356058151,0
2001-03-31,176.1,2.9824561403508643,5.31,0.5431818181818181,4.3,3.1638952567567546,0.3,1.2140093777609442,0
2001-04-30,176.4,3.2182562902282053,4.8,0.907,4.4,2.4148435931361067,0.4,2.498011720975324,1
2001-05-31,177.3,3.5630841121495394,4.21,1.1313636363636363,4.3,2.4148435931361067,0.47,1.1162984213035814,1
2001-06-30,177.7,3.193960511033689,3.97,1.2042857142857142,4.5,2.4148435931361067,0.53,-0.22084348160455658,1
2001-07-31,177.4,2.7214823393167498,3.77,1.1976190476190476,4.6,1.7959372610681257,0.53,-1.6025567812762986,1
2001-08-31,177.4,2.7214823393167498,3.65,1.2139130434782608,4.9,1.7959372610681257,0.7,-0.6922153056883552,1
2001-09-30,178.1,2.5921658986175045,3.07,1.6129411764705883,5.0,1.7959372610681257,0.83,0.18876031584836417,1
2001-10-31,177.6,2.127659574468077,2.49,1.8409090909090908,5.3,2.542517528424848,1.13,1.0991017914363077,1
2001-11-30,177.5,1.894374282433997,2.09,1.8690000000000002,5.5,2.542517528424848,1.4,1.8316016287058754,1
2001-12-31,177.4,1.603665521191311,1.82,1.9805,5.7,2.542517528424848,1.63,2.588518127217762,0
2002-01-31,177.7,1.1958997722095743,1.73,2.0076190476190474,5.7,2.3994314238070524,1.6,3.3454346257296486,0
2002-02-28,178.0,1.1363636363636465,1.74,1.8963157894736842,5.7,2.3994314238070524,1.5,3.0639848267208865,0
2002-03-31,178.5,1.3628620102214661,1.73,1.7265000000000001,5.7,2.3994314238070524,1.37,2.752379692104043,0
2002-04-30,179.3,1.643990929705219,1.75,1.7881818181818183,5.9,2.711053342045777,1.4,2.4508263360232263,0
2002-05-31,179.5,1.2408347433727984,1.75,1.9004545454545456,5.8,2.711053342045777,1.43,2.1729111284974842,0
2002-06-30,179.6,1.0692177827799743,1.75,1.9335,5.8,2.711053342045777,1.4,1.903960927666121,0
2002-07-31,180.0,1.465614430665152,1.73,2.096363636363636,5.8,3.071183831337132,1.33,1.6260457201403788,0
2002-08-31,180.5,1.747463359639223,1.74,2.1236363636363635,5.7,3.071183831337132,1.13,1.2447371244022354,0
2002-09-30,180.8,1.516002245929271,1.75,1.8655000000000002,5.7,3.071183831337132,0.9,0.8757288059459678,0
2002-10-31,181.2,2.0270270270270174,1.75,2.0290909090909093,5.7,1.9987086891242622,0.57,0.49442021020782434,0
2002-11-30,181.5,2.2535211267605604,1.34,2.125263157894737,5.9,1.9987086891242622,0.43,1.0201205579292565,0
2002-12-31,181.8,2.4802705749718212,1.24,2.1961904761904765,6.0,1.9987086891242622,0.3,1.5633442505747366,0
2003-01-31,182.6,2.757456387169399,1.24,2.305238095238095,5.8,2.273413647351341,0.23,2.1065679432202167,0
2003-02-28,183.6,3.146067415730336,1.26,2.274736842105263,5.9,2.273413647351341,0.2,2.5583176617757375,0
2003-03-31,183.9,3.025210084033625,1.25,2.2333333333333334,5.9,2.273413647351341,0.13,3.0584691358907787,0
2003-04-30,183.2,2.175125488008911,1.26,2.336190476190476,6.0,2.9238097818046205,0.13,3.54248669148598,0
2003-05-31,182.9,1.8941504178273005,1.26,2.1538095238095236,6.1,2.9238097818046205,0.2,4.590526987446266,0
2003-06-30,183.1,1.948775055679297,1.22,2.107142857142857,6.3,2.9238097818046205,0.4,5.604759531923962,0
2003-07-31,183.7,2.055555555555544,1.01,2.5013636363636365,6.2,3.6537448365171254,0.47,6.652799827884248,0
2003-08-31,184.5,2.216066481994461,1.03,2.580952380952381,6.1,3.6537448365171254,0.47,5.975546118204368,0
2003-09-30,185.1,2.378318584070782,1.01,2.568095238095238,6.1,3.6537448365171254,0.37,5.320139302385129,0
2003-10-31,184.9,2.041942604856528,1.01,2.5427272727272725,6.0,3.790067544729281,0.3,4.642885592705248,0
2003-11-30,185.0,1.9283746556473913,1.0,2.373333333333333,5.8,3.790067544729281,0.23,3.8680117524191036,0
2003-12-31,185.5,2.0352035203520247,0.98,2.3604545454545454,5.7,3.790067544729281,0.03,3.067308784123421,0
2004-01-31,186.3,2.026286966046009,1.0,2.3895,5.7,4.2443052946895765,-0.1,2.266605815827738,0
2004-02-29,186.7,1.688453159041381,1.01,2.3442105263157895,5.6,4.2443052946895765,-0.1,2.5350824924397517,0
2004-03-31,187.1,1.7400761283306032,1.0,2.248695652173913,5.8,4.2443052946895765,0.0,2.822074801921559,0
2004-04-30,187.4,2.2925764192139875,1.0,2.276666666666667,5.6,3.6266042762613804,0.0,3.0998092949684697,0
2004-05-31,188.2,2.8977583378895444,1.0,2.182,5.6,3.6266042762613804,0.0,3.3338479261241316,0
2004-06-30,188.9,3.1676679410158393,1.03,1.9704761904761903,5.6,3.6266042762613804,-0.03,3.560336924016707,0
2004-07-31,189.1,2.939575394665228,1.26,1.8595238095238094,5.5,3.382011119449335,-0.03,3.794375555172369,0
2004-08-31,189.2,2.5474254742547275,1.43,1.7731818181818182,5.4,3.382011119449335,-0.07,3.890899095809928,0
2004-09-30,189.8,2.5391680172879516,1.61,1.6004761904761904,5.4,3.382011119449335,-0.07,3.984308973846275,0
2004-10-31,190.8,3.1909140075716547,1.76,1.5125,5.5,3.8365070924305966,0.0,4.080832514483834,0
2004-11-30,191.7,3.621621621621607,1.93,1.342,5.4,3.8365070924305966,0.0,4.197121939146704,0
2004-12-31,191.7,3.3423180592991875,2.16,1.219090909090909,5.4,3.8365070924305966,0.0,4.317287677965001,0
2005-01-31,191.6,2.8448738593666034,2.28,0.999,5.3,3.531008950764969,-0.1,4.437453416783299,0
2005-02-28,192.4,3.0530262453133394,2.5,0.7805263157894737,5.4,3.531008950764969,0.0,3.6613325546357647,0
2005-03-31,193.1,3.2068412613575736,2.63,0.770909090909091,5.2,3.531008950764969,-0.07,2.8020558858295663,0
2005-04-30,193.7,3.3617929562433257,2.79,0.6871428571428572,5.2,4.1102625515620606,0.0,1.9704978192429223,0
2005-05-31,193.6,2.869287991498415,3.0,0.5004761904761905,5.1,4.1102625515620606,-0.1,2.3629707310078514,0
2005-06-30,193.7,2.541026998411855,3.04,0.3577272727272727,5.0,4.1102625515620606,-0.07,2.742783226264234,0
2005-07-31,194.9,3.067160232681121,3.26,0.3065,5.0,3.7553287960840898,-0.07,3.1352561380291633,0
2005-08-31,196.1,3.6469344608879517,3.5,0.21826086956521742,4.9,3.7553287960840898,-0.07,2.8275508188760226,0
2005-09-30,198.8,4.741833508956805,3.62,0.2528571428571429,5.0,3.7553287960840898,0.03,2.5297714777600797,0
2005-10-31,199.1,4.350104821802936,3.78,0.1925,5.0,2.783976145312561,0.03,2.222066158606939,0
2005-11-30,198.1,3.3385498174230532,4.0,0.11850000000000001,5.0,2.783976145312561,0.07,3.2523277614361636,0
2005-12-31,198.1,3.3385498174230532,4.16,0.06285714285714286,4.9,2.783976145312561,-0.03,4.316931417693029,0
2006-01-31,199.3,4.018789144050117,4.29,0.020499999999999997,4.7,3.248731243782399,-0.07,5.381535073949895,0
2006-02-28,199.4,3.63825363825363,4.49,-0.09947368421052633,4.8,3.248731243782399,-0.07,4.014089314858921,0
2006-03-31,199.7,3.4179181771103018,4.59,-0.009999999999999998,4.7,3.248731243782399,-0.07,2.5001315101510593,0
2006-04-30,200.7,3.613835828600931,4.79,0.10157894736842105,4.7,2.6464963613712644,0.0,1.03501105398216,0
2006-05-31,201.3,3.9772727272727293,4.94,0.14181818181818182,4.6,2.6464963613712644,-0.07,0.8883718377307113,0
2006-06-30,201.8,4.1817243159525175,4.99,-0.015454545454545453,4.6,2.6464963613712644,-0.03,0.7464629187776963,0
2006-07-31,202.9,4.104669061056954,5.24,-0.031,4.7,2.4555938824142087,0.03,0.5998237025262476,0
2006-08-31,203.8,3.926568077511483,5.25,-0.026956521739130435,4.7,2.4555938824142087,0.07,1.5560980557605864,0
2006-09-30,202.8,2.012072434607637,5.25,-0.05,4.5,2.4555938824142087,0.07,2.4815248492131725,0
2006-10-31,201.9,1.4063284781516971,5.25,-0.06666666666666668,4.4,3.242628426629812,-0.07,3.4377992024475112,0
2006-11-30,202.0,1.9687026754164672,5.25,-0.14523809523809525,4.5,3.242628426629812,-0.07,2.709172071265469,0
2006-12-31,203.1,2.5239777889954462,5.24,-0.10900000000000001,4.4,3.242628426629812,-0.03,1.9562573690440257,0
2007-01-31,203.437,2.075765178123423,5.25,-0.11666666666666667,4.6,2.7588526220760246,0.07,1.2033426668225822,0
2007-02-28,204.226,2.420260782347028,5.26,-0.12631578947368421,4.5,2.7588526220760246,0.07,1.5946206963098546,0
2007-03-31,205.288,2.798197295943927,5.26,-0.009090909090909092,4.4,2.7588526220760246,0.03,2.02782137181362,0
2007-04-30,205.904,2.5929247633283525,5.25,0.027619047619047623,4.5,2.4971072712842934,0.0,2.447047831978555,0
2007-05-31,206.755,2.709885742672613,5.25,-0.02,4.4,2.4971072712842934,0.0,2.398881700542225,0
2007-06-30,207.234,2.692765113974227,5.25,0.12238095238095237,4.6,2.4971072712842934,0.03,2.35226931528126,0
2007-07-31,207.603,2.3178905864958077,5.26,0.18523809523809526,4.7,2.522491886281153,0.07,2.30410318384493,0
2007-08-31,207.667,1.897448478900876,5.02,0.3617391304347826,4.6,2.522491886281153,0.1,2.3744744452098514,0
2007-09-30,208.547,2.8338264299802685,4.94,0.51,4.7,2.522491886281153,0.17,2.442575665885582,0
2007-10-31,209.19,3.610698365527476,4.76,0.56,4.7,1.9539583856473586,0.2,2.5129469272505034,0
2007-11-30,210.834,4.373267326732666,4.49,0.8119999999999999,4.7,1.9539583856473586,0.23,1.1368585976260235,0
2007-12-31,211.445,4.108813392417532,4.24,0.9804999999999999,5.0,1.9539583856473586,0.4,-0.285099342985939,0
2008-01-31,212.174,4.294695655165981,3.94,1.2685714285714287,5.0,1.1900577314989391,0.4,-1.7070572835979014,1
2008-02-29,212.687,4.142959270611968,2.98,1.7645,4.9,1.1900577314989391,0.43,-0.3895646214352382,1
2008-03-31,213.448,3.9749035501344343,2.61,1.893,5.1,1.1900577314989391,0.47,1.018789603635195,1
2008-04-30,213.942,3.9037609759888126,2.28,1.627727272727273,5.0,1.2033352629958083,0.5,2.3817130472517434,1
2008-05-31,215.208,4.088413823123993,1.98,1.4342857142857142,5.4,1.2033352629958083,0.73,0.8712228001985054,1
2008-06-30,217.463,4.935966105947864,2.0,1.3257142857142856,5.6,1.2033352629958083,0.8,-0.5905419550143054,1
2008-07-31,219.016,5.497512078341837,2.01,1.4345454545454546,5.8,-0.24214465104132055,0.97,-2.101032202067543,1
2008-08-31,218.69,5.308017162091239,2.0,1.4652380952380952,6.1,-0.24214465104132055,1.1,-4.343502849381375,1
2008-09-30,218.877,4.953319875136075,1.81,1.61,6.1,-0.24214465104132055,1.27,-6.5136357338786315,1
2008-10-31,216.995,3.7310578899565128,0.97,2.2018181818181817,6.5,-1.527963106787733,1.5,-8.756106381192463,1
2008-11-30,213.153,1.0999174706166848,0.39,2.3138888888888887,6.8,-1.527963106787733,1.7,-7.381125123171837,1
2008-12-31,211.398,-0.02222800255385904,0.16,1.5954545454545455,7.3,-1.527963106787733,2.07,-5.960311156550523,1
2009-01-31,211.933,-0.11358601902212717,0.15,1.7105000000000001,7.8,-1.6431623064945278,2.37,-4.539497189929209,1
2009-02-28,212.705,0.008463140671510772,0.22,1.894736842105263,8.3,-1.6431623064945278,2.77,-3.3361599444585806,1
2009-03-31,212.495,-0.4464787676623838,0.18,1.8881818181818182,8.7,-1.6431623064945278,3.13,-2.0038937084018134,1
2009-04-30,212.709,-0.5763244243767063,0.15,2.0,9.0,-2.395635374720373,3.53,-0.7146038025404255,1
2009-05-31,213.022,-1.015761495855172,0.18,2.3635,9.4,-2.395635374720373,3.73,-0.0004671190571734485,1
2009-06-30,214.79,-1.2291746182109153,0.21,2.5377272727272726,9.5,-2.395635374720373,3.9,0.6906328972169415,1
2009-07-31,214.726,-1.9587610037622771,0.16,2.5431818181818184,9.5,-0.9760628113195113,3.8,1.4047695807001936,0
2009-08-31,215.445,-1.4838355663267633,0.16,2.4719047619047623,9.6,-0.9760628113195113,3.67,2.3883069252632025,0
2009-09-30,215.861,-1.377942862886472,0.15,2.4457142857142857,9.8,-0.9760628113195113,3.57,3.3401172587112757,0
2009-10-31,216.509,-0.22396829420033848,0.12,2.4385714285714286,10.0,-0.1868928391141611,3.57,4.323654603274285,0
2009-11-30,217.234,1.9145871744709275,0.12,2.599473684210526,9.9,-0.1868928391141611,3.47,3.545724994252584,0
2009-12-31,217.347,2.8141231232083674,0.12,2.7154545454545453,9.9,-0.1868928391141611,3.07,2.741864398263493,0
2010-01-31,217.488,2.6211113889767157,0.11,2.8042105263157895,9.8,0.6471518168514878,2.57,1.9380038022744017,0
2010-02-28,217.281,2.151336357866529,0.13,2.8342105263157897,9.8,0.6471518168514878,2.03,2.5459312043789613,0
2010-03-31,217.353,2.2861714393279886,0.16,2.7686956521739132,9.9,0.6471518168514878,1.53,3.218993685280438,0
2010-04-30,217.403,2.2067707525304403,0.2,2.786363636363636,9.9,2.05139192404884,1.2,3.8703444732496095,0
2010-05-31,217.29,2.003548929218568,0.2,2.5895,9.6,2.05139192404884,0.8,3.6054950536749293,0
2010-06-30,217.199,1.1215605940686268,0.18,2.4795454545454545,9.4,2.05139192404884,0.43,3.3491891637639486,0
2010-07-31,217.605,1.3407784804821077,0.18,2.394761904761905,9.4,2.0929254374125073,0.13,3.0843397441892684,0
2010-08-31,217.923,1.1501775395112546,0.19,2.178181818181818,9.5,2.0929254374125073,0.0,2.752808660196487,0
2010-09-30,218.275,1.1183122472331775,0.19,2.1676190476190476,9.5,2.0929254374125073,0.03,2.4319721273002473,0
2010-10-31,219.035,1.1666951489314625,0.19,2.164,9.4,2.831958423932024,0.07,2.100441043307466,0
2010-11-30,219.59,1.084544776600338,0.19,2.309,9.8,2.831958423932024,0.13,1.106116924260669,0
2010-12-31,220.472,1.437793022217937,0.18,2.6727272727272724,9.3,2.831958423932024,0.1,0.07864866791231195,0
2011-01-31,221.187,1.7007834915029774,0.17,2.7794999999999996,9.1,2.629994478908504,-0.13,-0.9488195884360451,0
2011-02-28,221.898,2.124898173333145,0.16,2.803684210526316,9.0,2.629994478908504,-0.3,0.20111485323024825,0
2011-03-31,223.046,2.619241510354109,0.14,2.7169565217391307,9.0,2.629994478908504,-0.2,1.474256556503644,0
2011-04-30,224.093,3.0772344447868694,0.1,2.7205000000000004,9.1,1.8224880130903953,0.0,2.706329172574673,0
2011-05-31,224.806,3.4589718808964998,0.09,2.6133333333333333,9.0,1.8224880130903953,0.07,1.7643402203622787,0
2011-06-30,224.806,3.5023181506360412,0.09,2.591818181818182,9.1,1.8224880130903953,0.2,0.8527380085438325,0
2011-07-31,225.395,3.5798809769996165,0.07,2.5965,9.0,1.4088606095999934,0.23,-0.08925094366856179,0
2011-08-31,226.106,3.75499603070808,0.1,2.072608695652174,9.0,1.4088606095999934,0.23,1.4544975595022749,0
2011-09-30,226.597,3.812621692818685,0.08,1.7638095238095237,9.0,1.4088606095999934,0.2,2.948447723861149,0
2011-10-31,226.75,3.5222681306640524,0.07,1.8715,8.8,0.9649737963540517,0.17,4.492196227031986,0
2011-11-30,227.169,3.451432214581729,0.08,1.7600000000000002,8.6,0.9649737963540517,0.0,4.121163744267203,0
2011-12-31,227.223,3.062066838419386,0.07,1.720952380952381,8.5,0.9649737963540517,-0.17,3.7377635120769273,0
2012-01-31,227.842,3.0087663379855023,0.08,1.7260000000000002,8.3,1.3062140779603881,-0.2,3.354363279886652,0
2012-02-29,228.329,2.8981784423473878,0.1,1.6895,8.3,1.3062140779603881,-0.13,2.848788784758465,0
2012-03-31,228.807,2.5828752813320977,0.13,1.8281818181818181,8.2,1.3062140779603881,-0.1,2.3083470830697133,0
2012-04-30,229.187,2.2731633741348567,0.14,1.7609523809523808,8.2,1.3798217908671084,-0.07,1.7853389846612444,0
2012-05-31,228.713,1.7379429374660749,0.16,1.518181818181818,8.2,1.3798217908671084,-0.03,1.37788206230848,0
2012-06-30,228.524,1.653870448297634,0.16,1.3304761904761906,8.2,1.3798217908671084,0.0,0.9835689116445143,0
2012-07-31,228.59,1.4175114798464783,0.16,1.2785714285714287,8.2,1.2771943806184627,0.07,0.5761119892917499,0
2012-08-31,229.918,1.6859349154821235,0.13,1.4095652173913045,8.1,1.2771943806184627,0.03,0.5378506523161094,0
2012-09-30,231.015,1.9497168982819613,0.14,1.4678947368421054,7.8,1.2771943806184627,-0.1,0.5008235520171026,0
2012-10-31,231.638,2.1556780595369363,0.16,1.469047619047619,7.8,1.5056957477111999,-0.13,0.4625622150414621,0
2012-11-30,231.249,1.7960197033926262,0.16,1.386,7.7,1.5056957477111999,-0.13,1.598544967350348,0
2012-12-31,231.221,1.7595049796895523,0.16,1.462,7.9,1.5056957477111999,0.0,2.7723938114028632,0
2013-01-31,231.679,1.684061762098299,0.14,1.6495238095238096,8.0,1.4340580479745624,0.0,3.9462426554553787,0
2013-02-28,232.937,2.0181404902574807,0.15,1.7168421052631577,7.7,1.4340580479745624,-0.03,3.041528893054223,0
2013-03-31,232.282,1.5187472411246183,0.14,1.7015,7.5,1.4340580479745624,-0.07,2.0398815132529435,0
2013-04-30,231.797,1.138808047576867,0.15,1.526818181818182,7.6,1.545593226047881,-0.13,1.070545339251705,0
2013-05-31,231.893,1.3903888279197085,0.11,1.6777272727272725,7.5,1.545593226047881,-0.03,1.857348568052375,0
2013-06-30,232.445,1.7157935271568725,0.09,1.9665,7.5,1.545593226047881,0.0,2.618771047536894,0
2013-07-31,232.9,1.885471805415806,0.09,2.2413636363636367,7.3,1.7520891827113472,-0.03,3.405574276337564,0
2013-08-31,233.456,1.538809488600279,0.08,2.380909090909091,7.2,1.7520891827113472,-0.1,3.43300009001708,0
2013-09-30,233.544,1.0947341081747997,0.08,2.4055,7.2,1.7520891827113472,-0.13,3.4595412000295145,0
2013-10-31,233.669,0.8767991434911471,0.09,2.2804545454545457,7.2,2.2407551810115667,-0.03,3.4869670137090303,0
2013-11-30,234.1,1.2328701961954458,0.08,2.4147368421052633,6.9,2.2407551810115667,-0.1,1.8997873545194275,0
2013-12-31,234.719,1.5128383667573297,0.09,2.5619047619047617,6.7,2.2407551810115667,-0.17,0.25970170669017145,0
2014-01-31,235.288,1.557758795574915,0.07,2.4642857142857144,6.6,1.9457478996262711,-0.2,-1.380383941139085,0
2014-02-28,235.547,1.1204746347724948,0.07,2.382631578947368,6.7,1.9457478996262711,-0.1,0.6795831242966828,0
2014-03-31,236.028,1.6126949139408042,0.08,2.3242857142857143,6.7,1.9457478996262711,0.0,2.9602609467434258,0
2014-04-30,236.468,2.015125303606169,0.09,2.288095238095238,6.2,2.631732425372557,-0.1,5.167368516853177,0
2014-05-31,236.918,2.166947687079812,0.09,2.17,6.3,2.631732425372557,-0.13,5.064326242210063,0
2014-06-30,237.231,2.0589816945944195,0.1,2.146190476190476,6.1,2.631732425372557,-0.2,4.964607911910276,0
2014-07-31,237.498,1.9742378703305974,0.09,2.0359090909090907,6.2,3.2264599506836467,-0.03,4.861565637267162,0
2014-08-31,237.46,1.7150983482969062,0.09,1.9476190476190476,6.1,3.2264599506836467,-0.07,3.905069703952077,0
2014-09-30,237.477,1.6840509711232077,0.09,1.9676190476190476,5.9,3.2264599506836467,-0.07,2.9794284781632845,0
2014-10-31,237.43,1.6095417021513292,0.09,1.8586363636363636,5.7,3.504433412240471,-0.13,2.0229325448481994,0
2014-11-30,236.983,1.231524989320798,0.09,1.7983333333333331,5.8,3.504433412240471,-0.1,2.5378262509616807,0
2014-12-31,236.252,0.6531213919623191,0.12,1.5718181818181818,5.6,3.504433412240471,-0.1,3.0698830806122777,0
2015-01-31,234.747,-0.22993097820542818,0.11,1.33,5.7,3.924701368782979,0.0,3.6019399102628746,0
2015-02-28,235.342,-0.08703146293520536,0.11,1.3563157894736841,5.5,3.924701368782979,-0.1,3.248221395989077,0
2015-03-31,235.976,-0.022031284423873476,0.11,1.4022727272727273,5.4,3.924701368782979,-0.03,2.856604469471659,0
2015-04-30,236.222,-0.10403098939391064,0.12,1.395,5.4,3.6443888226374233,-0.1,2.4776203470354474,0
2015-05-31,237.001,0.03503321824429584,0.12,1.5885,5.6,3.6443888226374233,0.0,2.182230747440353,0
2015-06-30,237.657,0.1795718097550525,0.13,1.675,5.3,3.6443888226374233,-0.07,1.8963698446063908,0
2015-07-31,238.034,0.22568611104094582,0.13,1.656818181818182,5.2,3.3526149572568276,-0.03,1.6009802450112964,0
2015-08-31,238.033,0.2413037985344868,0.14,1.4695238095238095,5.1,3.3526149572568276,-0.13,1.3101652894258793,0
2015-09-30,237.498,0.008842961634170088,0.14,1.4595238095238094,5.0,3.3526149572568276,-0.07,1.0287314614399916,0
2015-10-31,237.733,0.12761656067050708,0.12,1.4252380952380952,5.0,2.5907783984262966,-0.1,0.7379165058545745,0
2015-11-30,238.017,0.4363182169185187,0.12,1.378421052631579,5.1,2.5907783984262966,-0.03,1.2531864357433196,0
2015-12-31,237.761,0.6387247515364791,0.24,1.26,5.0,2.5907783984262966,-0.03,1.7856320299616895,0
2016-01-31,237.652,1.2375025026943876,0.34,1.1857894736842105,4.8,2.578241804561543,-0.03,2.3180776241800594,0
2016-02-29,237.336,0.8472775790126619,0.38,1.046,4.9,2.578241804561543,-0.03,1.9850347445978351,0
2016-03-31,238.08,0.8916160965521946,0.36,1.014090909090909,5.0,2.578241804561543,0.0,1.6290233905616645,0
2016-04-30,238.992,1.1726257503534843,0.37,1.0371428571428571,5.1,2.3823830622627717,0.03,1.2844962737524668,0
2016-05-31,239.557,1.0784764621246223,0.37,0.99,4.8,2.3823830622627717,-0.03,1.8078115687896865,0
2016-06-30,240.222,1.0792865347959424,0.38,0.9127272727272728,4.9,2.3823830622627717,-0.03,2.3142457252773188,0
2016-07-31,240.101,0.8683633430518256,0.39,0.8314999999999999,4.8,2.373770760467986,-0.03,2.8375610203145385,0
2016-08-31,240.545,1.0553158595656864,0.4,0.8191304347826087,4.9,2.373770760467986,0.07,2.628525132826054,0
2016-09-30,241.176,1.5486446201652182,0.4,0.8595238095238096,5.0,2.373770760467986,0.1,2.426232338482359,0
2016-10-31,241.741,1.685924966243646,0.4,0.9215,4.9,2.4848135244166514,0.1,2.2171964509938746,0
2016-11-30,242.026,1.6843334719788938,0.41,1.1625,4.7,2.4848135244166514,0.0,2.129271795289468,0
2016-12-31,242.637,2.0507989115119862,0.54,1.2952380952380953,4.7,2.4848135244166514,-0.07,2.0384163177282484,0
2017-01-31,243.618,2.5103933482571117,0.65,1.226,4.7,2.498960638860126,0.0,1.9475608401670286,0
2017-02-28,244.006,2.8103616813294208,0.66,1.2178947368421054,4.6,2.498960638860126,0.03,2.03940380032622,0
2017-03-31,243.892,2.44119623655914,0.79,1.168695652173913,4.4,2.498960638860126,-0.03,2.1410870776453246,0
2017-04-30,244.193,2.176223471915395,0.9,1.0563157894736843,4.4,2.498871219515375,-0.13,2.239490249244458,0
2017-05-31,244.004,1.8563431667619756,0.91,1.0018181818181817,4.4,2.498871219515375,-0.13,2.5476727977466846,0
2017-06-30,244.163,1.640565809959127,1.04,0.8445454545454546,4.3,2.498871219515375,-0.03,2.845913973716581,0
2017-07-31,244.243,1.7251073506566073,1.15,0.9455,4.3,2.480692775776361,-0.03,3.1540965222188078,0
2017-08-31,245.183,1.92812155729698,1.16,0.8739130434782609,4.4,2.480692775776361,0.03,3.6103659736384555,0
2017-09-30,246.435,2.1805652303711787,1.15,0.8175000000000001,4.3,2.480692775776361,-0.03,4.051917055657469,0
2017-10-31,246.626,2.020757753132485,1.15,0.8104761904761905,4.2,3.0692123107235236,-0.07,4.5081865070771165,0
2017-11-30,247.284,2.172493864295566,1.16,0.6566666666666666,4.2,3.0692123107235236,-0.1,4.099094996271403,0
2017-12-31,247.805,2.129930719552253,1.3,0.5585,4.1,3.0692123107235236,-0.03,3.676367101772166,0
2018-01-31,248.859,2.151318868063945,1.41,0.5519047619047619,4.0,3.0234319050034264,0.0,3.253639207272929,0
2018-02-28,249.529,2.263468931091861,1.42,0.6836842105263158,4.1,3.0234319050034264,0.0,2.89802704985507,0
2018-03-31,249.577,2.3309497646499366,1.51,0.5666666666666667,4.0,3.0234319050034264,0.0,2.5043135898567264,0
2018-04-30,250.227,2.4709963021052994,1.69,0.4847619047619047,4.0,3.063903479751584,-0.07,2.1233005640518776,0
2018-05-31,250.792,2.781921607842497,1.7,0.4659090909090909,3.8,3.063903479751584,-0.1,2.248476251584587,0
2018-06-30,251.018,2.8075506935940187,1.82,0.379047619047619,4.0,3.063903479751584,-0.03,2.369614013713016,0
2018-07-31,251.214,2.854124785561929,1.91,0.28238095238095234,3.8,2.841886173449626,0.0,2.4947897012457254,0
2018-08-31,251.663,2.6429238568742575,1.91,0.2534782608695652,3.8,2.841886173449626,0.03,1.845065814634102,0
2018-09-30,252.182,2.332055105808828,1.95,0.23631578947368423,3.7,2.841886173449626,-0.07,1.2163007630744667,0
2018-10-31,252.772,2.492032470218053,2.19,0.2913636363636364,3.8,2.04793111189725,-0.07,0.5665768764628432,0
2018-11-30,252.594,2.147328577667773,2.2,0.258,3.8,2.04793111189725,-0.07,1.1961514808074898,0
2018-12-31,252.767,2.0023809043401064,2.27,0.1563157894736842,3.9,2.04793111189725,0.07,1.8467119052969583,0
2019-01-31,252.561,1.4875893578291333,2.4,0.17047619047619048,4.0,1.4747934726386358,0.13,2.4972723297864263,0
2019-02-28,253.319,1.5188615351321877,2.4,0.17210526315789473,3.8,1.4747934726386358,0.17,2.7625836660261625,0
2019-03-31,254.277,1.8831863513063984,2.41,0.16142857142857142,3.8,1.4747934726386358,0.13,3.0563212168630134,0
2019-04-30,255.233,2.000583470209061,2.42,0.18761904761904763,3.7,1.795455890987041,0.0,3.3405833628341597,0
2019-05-31,255.296,1.7959105553606136,2.39,0.18863636363636366,3.6,1.795455890987041,-0.07,3.7919110364149518,0
2019-06-30,255.213,1.671194894390049,2.38,0.26,3.6,1.795455890987041,-0.03,4.22867975278346,0
2019-07-31,255.802,1.826331335037068,2.4,0.2240909090909091,3.7,2.4787294094622325,0.03,4.680007426364252,0
2019-08-31,256.036,1.7376412106666406,2.13,0.055,3.6,2.4787294094622325,0.07,4.022101182980184,0
2019-09-30,256.43,1.6844977040391562,2.04,0.051500000000000004,3.5,2.4787294094622325,0.0,3.3854177216407626,0
2019-10-31,257.155,1.7339736996186295,1.83,0.15545454545454546,3.6,2.8296870572949384,-0.03,2.7275114782566945,0
2019-11-30,257.879,2.092290394862917,1.55,0.19947368421052633,3.6,2.8296870572949384,-0.07,0.12116425006915632,0
2019-12-31,258.63,2.3195274699624457,1.55,0.24952380952380954,3.6,2.8296870572949384,0.0,-2.572061219057967,0
2020-01-31,259.127,2.599767976845202,1.55,0.23857142857142857,3.6,0.935556791009029,0.0,-5.265286688185089,0
2020-02-29,259.25,2.3413166797595197,1.58,0.1731578947368421,3.5,0.935556791009029,0.0,-13.720994327575681,0
2020-03-31,258.076,1.4940399642909163,0.65,0.42181818181818187,4.4,0.935556791009029,0.3,-22.75985421795873,1
2020-04-30,256.032,0.3130472940411133,0.05,0.43285714285714283,14.8,-8.578922656542499,4.0,-31.507137982845546,1
2020-05-31,255.802,0.1982013035848551,0.05,0.5035000000000001,13.2,-8.578922656542499,7.27,-10.428399992057418,0
2020-06-30,257.042,0.7166562831830481,0.08,0.5436363636363637,11.0,-8.578922656542499,9.5,9.970378708705287,0
2020-07-31,258.352,0.9968647625897997,0.09,0.4754545454545455,10.2,-1.5642594409181254,8.0,31.049116699493418,0
2020-08-31,259.316,1.2810698495523853,0.1,0.5104761904761905,8.4,-1.5642594409181254,6.37,22.11469556915658,0
2020-09-30,259.997,1.3910228912373812,0.09,0.5447619047619048,7.8,-1.5642594409181254,5.3,13.468481572056415,0
2020-10-31,260.319,1.2303863428671624,0.09,0.6376190476190476,6.9,-0.8772077624830454,4.2,4.5340604417195784,0
2020-11-30,260.911,1.1757452138405844,0.09,0.7042105263157895,6.7,-0.8772077624830454,3.63,4.876192637842715,0
2020-12-31,262.045,1.3204191315779434,0.09,0.7977272727272727,6.7,-0.8772077624830454,3.23,5.22972924050329,0
2021-01-31,262.687,1.3738437137002402,0.09,0.9500000000000001,6.4,3.114909662586318,3.03,5.583265843163865,0
2021-02-28,263.579,1.6698167791706853,0.08,1.1426315789473684,6.2,3.114909662586318,2.87,5.968438648261691,0
2021-03-31,264.961,2.6678187820641908,0.07,1.463913043478261,6.1,3.114909662586318,2.33,6.394879968191428,0
2021-04-30,266.614,4.133077115360573,0.07,1.471818181818182,6.1,16.828075036977786,-0.07,6.807565116510528,0
2021-05-31,268.383,4.918257089467626,0.06,1.466,5.8,16.828075036977786,-0.13,5.625739434208102,0
2021-06-30,270.654,5.295632620349999,0.08,1.3163636363636364,5.9,16.828075036977786,-0.03,4.482037161012206,0
2021-07-31,271.903,5.245169381309234,0.1,1.099047619047619,5.4,8.17693673225708,-0.23,3.3002114787097803,0
2021-08-31,272.676,5.152015301793966,0.09,1.0659090909090911,5.1,8.17693673225708,-0.2,4.500723265122137,0
2021-09-30,273.91,5.351215590949132,0.08,1.1338095238095238,4.7,8.17693673225708,-0.37,5.662508864876031,0
2021-10-31,276.55,6.235042390298062,0.08,1.19,4.5,7.7527864066977425,-0.27,6.863020651288387,0
2021-11-30,278.919,6.901970403700863,0.08,1.0515,4.1,7.7527864066977425,-0.33,4.292733099172361,0
2021-12-31,280.845,7.174340285065539,0.08,0.785,3.9,7.7527864066977425,-0.27,1.6367692953191328,0
2022-01-31,282.543,7.558805726967832,0.08,0.7835,4.0,5.4556836261751895,-0.2,-1.0191945085340937,0
2022-02-28,284.5,7.937278766517819,0.08,0.49894736842105264,3.9,5.4556836261751895,-0.13,-0.5015460761500583,0
2022-03-31,287.674,8.572204966013853,0.2,0.21826086956521737,3.7,5.4556836261751895,-0.1,0.07156468827512352,0
2022-04-30,288.561,8.231750770777225,0.33,0.20950000000000002,3.7,2.7283577464906728,-0.13,0.6261880086865901,0
2022-05-31,291.298,8.538171195642065,0.77,0.2814285714285714,3.6,2.7283577464906728,-0.07,1.388184927092436,0
2022-06-30,294.957,8.979361103105798,1.21,0.14523809523809525,3.6,2.7283577464906728,0.0,2.1256012997432547,0
2022-07-31,294.913,8.462576727730099,1.68,-0.13999999999999999,3.5,2.359487672154703,-0.03,2.887598218149101,0
2022-08-31,295.097,8.222579178218826,2.33,-0.3521739130434782,3.6,2.359487672154703,0.03,2.8449271685283066,0
2022-09-30,296.349,8.192106896425821,2.56,-0.3376190476190476,3.5,2.359487672154703,0.0,2.803632604379151,0
2022-10-31,298.007,7.758813957693,3.08,-0.3915,3.6,1.5867182983446249,0.07,2.7609615547583566,0
2022-11-30,298.786,7.122856456533988,3.78,-0.6125,3.6,1.5867182983446249,0.07,2.8048013475084947,0
2022-12-31,298.832,6.404600402357152,4.1,-0.6723809523809524,3.5,1.5867182983446249,0.03,2.850102466683637,0
2023-01-31,300.42,6.327178517960097,4.33,-0.6759999999999999,3.5,2.6151110699066615,-0.07,2.89540358585878,0
2023-02-28,301.45,5.957820738137087,4.57,-0.7868421052631579,3.6,2.6151110699066615,0.0,2.7746211024049563,0
2023-03-31,301.821,4.917719362889961,4.65,-0.6395652173913043,3.5,2.6151110699066615,0.0,2.6408976385810803,0
2023-04-30,302.845,4.950079879124369,4.83,-0.5559999999999999,3.4,2.1633885752941673,0.0,2.5114878348805547,0
2023-05-31,303.334,4.131851231385042,5.06,-0.5581818181818181,3.6,2.1633885752941673,0.03,3.2200859424849457,0
2023-06-30,304.014,3.070617072997095,5.08,-0.8914285714285713,3.6,2.1633885752941673,0.07,3.9058260466182273,0
2023-07-31,304.609,3.287749268428297,5.12,-0.9289999999999999,3.5,2.4586965805316385,0.1,4.614424154222618,0
2023-08-31,306.082,3.722504803505289,5.33,-0.7339130434782608,3.7,2.4586965805316385,0.13,4.197206082405435,0
2023-09-30,307.276,3.687206638119256,5.33,-0.643,3.7,2.4586965805316385,0.2,3.793446658066225,0
2023-10-31,307.696,3.2512659098611785,5.33,-0.26952380952380955,3.9,3.0240212738303685,0.33,3.3762285862490415,0
2023-11-30,308.148,3.1333462745911866,5.33,-0.3795238095238095,3.7,3.0240212738303685,0.3,2.5490166682665674,0
2023-12-31,308.741,3.3159099427102934,5.33,-0.437,3.8,3.0240212738303685,0.23,1.6942310196846773,0
2024-01-31,309.698,3.0883429864855705,5.33,-0.2647619047619048,3.7,2.3358011491405817,0.2,0.8394453711027872,0
2024-02-29,310.967,3.157074141648697,5.33,-0.3365,3.9,2.3358011491405817,0.27,1.7102508631789595,0
2024-03-31,312.345,3.4868349120836584,5.33,-0.3795,3.9,2.3358011491405817,0.3,2.641111906432799,0
2024-04-30,313.023,3.3607951262196734,5.33,-0.33409090909090905,3.9,2.931247504214274,0.37,3.5419451740978047,0
2024-05-31,313.175,3.244278584003113,5.33,-0.3740909090909091,3.9,2.931247504214274,0.37,3.460120981607429,0
2024-06-30,313.044,2.9702579486470926,5.33,-0.431578947368421,4.1,2.931247504214274,0.43,3.380936279197388,0
2024-07-31,313.569,2.9414757935583014,5.33,-0.24727272727272728,4.2,3.1512567775738187,0.53,3.2991120867070123,0
2024-08-31,314.062,2.607144490692037,5.33,-0.09454545454545454,4.2,3.1512567775738187,0.57,2.8072858512925127,0
2024-09-30,314.732,2.4264830315416708,5.13,0.101,4.1,3.1512567775738187,0.5,2.331324978310739,0
2024-10-31,315.631,2.578844053871343,4.83,0.12318181818181818,4.1,3.364043826751284,0.43,1.8394987428962395,0
2024-11-30,316.528,2.719472461284833,4.64,0.09842105263157895,4.2,3.364043826751284,0.43,1.0276842774102708,0
2024-12-31,317.604,2.870690967509981,4.48,0.1657142857142857,4.1,3.364043826751284,0.4,0.18880932974143638,0
2025-01-31,318.961,2.9909783078999608,4.33,0.35714285714285715,4.0,3.077929818843894,0.37,-0.6500656179273978,0
2025-02-28,319.679,2.8015834477613355,4.33,0.24105263157894738,4.2,3.077929818843894,0.27,0.7449209621363488,0
2025-03-31,319.785,2.381981462805549,4.33,0.31047619047619046,4.2,3.077929818843894,0.27,2.2893703900640685,0
2025-04-30,320.302,2.32538823025783,4.33,0.5014285714285714,4.2,2.7236595058338864,0.27,3.7839988687037973,0
2025-05-31,320.62,2.3772651073680873,4.33,0.5038095238095238,4.3,2.7236595058338864,0.27,3.9596832762937964,0
2025-06-30,321.435,2.680453865910226,4.33,0.49450000000000005,4.1,2.7236595058338864,0.17,4.129700444929279,0
2025-07-31,322.169,2.742618052167134,4.33,0.5095454545454546,4.3,2.598763015775063,0.1,4.305384852519278,0
2025-08-31,323.291,2.9385917430316155,4.33,0.5609523809523809,4.3,2.598763015775063,0.13,3.0168609544850047,0
2025-09-30,324.245,3.0225715847133294,4.22,0.5519047619047619,4.4,2.598763015775063,0.23,1.7699023434840946,0
2025-10-31,324.245,2.729136238202212,4.09,0.5404545454545455,4.4,2.1097440151854663,0.3316393442622951,0.48137844544982045,0
2025-11-30,325.063,2.6964439164939513,3.88,0.543888888888889,4.5,2.1097440151854663,0.43,0.48137844544982045,0
2025-12-31,326.031,2.653304114557753,3.72,0.6422727272727273,4.4,2.1097440151854663,0.35,0.48137844544982045,0
